path,bytes
DSLIB_Analysis_Sheet.xlsx,1493726
Excel/C2011-01 Nursing Home Noordhinder.xlsx,71869
Excel/C2011-02 Social Housing Kortrijk.xlsx,55370
Excel/C2011-03 Family Day.xlsx,38485
Excel/C2011-04 Railway Station Sint-Joost.xlsx,13343
Excel/C2011-05 Telecom System Agnes.xlsx,79225
Excel/C2011-06 Veterinary Exposition.xlsx,50229
Excel/C2011-07 Patient Transport System.xlsx,360898
Excel/C2011-08 Sports Center Tielt.xlsx,13926
Excel/C2011-09 Commercial IT Project.xlsx,16074
Excel/C2011-10 Building a House.xlsx,471004
Excel/C2011-11 Eating Belgium.xlsx,40576
Excel/C2011-12 Claeys-Verhelst Premises.xlsx,153592
Excel/C2011-13 Wind Farm.xlsx,3309843
Excel/C2011-14 Hotel Reylof.xlsx,112466
Excel/C2012-01 Manufacturing Tool Cost Module.xlsx,15355
Excel/C2012-02 Nut Mixing Station.xlsx,19177
Excel/C2012-03 Day Care.xlsx,38430
Excel/C2012-04 Asti-Cuneo Highway.xlsx,23426
Excel/C2012-05 Tappan Zee Bridge.xlsx,14503
Excel/C2012-06 Youth Hostel Merkenveld.xlsx,43704
Excel/C2012-07 Solar Park.xlsx,71053
Excel/C2012-08 Sea Electricity.xlsx,118742
Excel/C2012-09 Digipolis Talent Management Suite.xlsx,97879
Excel/C2012-10 Gabala Resort Outdoor Pool.xlsx,38475
Excel/C2012-11 MIVB SeSaMe.xlsx,40499
Excel/C2012-12 Railway Station Ghent.xlsx,39183
Excel/C2012-13 Pumping Station Jabbeke.xlsx,487319
Excel/C2012-14 Sluiskil Tunnel.xlsx,46075
Excel/C2012-15 The Master Project.xlsx,224099
Excel/C2012-16 Metal Extraction.xlsx,27364
Excel/C2012-17 Building a Dream.xlsx,455029
Excel/C2013-01 Wiedauwkaai Fenders.xlsx,119419
Excel/C2013-02 Sewage Plant Hove.xlsx,668650
Excel/C2013-03 Brussels Finance Tower.xlsx,323655
Excel/C2013-04 Kitchen Tower Anderlecht.xlsx,526226
Excel/C2013-05 PET Packaging.xlsx,341726
Excel/C2013-06 Government Office Building.xlsx,902332
Excel/C2013-07 Family Residence.xlsx,199209
Excel/C2013-08 Timber House.xlsx,203514
Excel/C2013-09 Urban Development Project.xlsx,198527
Excel/C2013-10 Town Square.xlsx,1396556
Excel/C2013-11 Recreation Complex.xlsx,774833
Excel/C2013-12 Young Cattle Barn.xlsx,87635
Excel/C2013-13 Office Finishing Works (1).xlsx,100050
Excel/C2013-14 Office Finishing Works (2).xlsx,49005
Excel/C2013-15 Office Finishing Works (3).xlsx,86709
Excel/C2013-16 Office Finishing Works (4).xlsx,67723
Excel/C2013-17 Office Finishing Works (5).xlsx,86398
Excel/C2014-01 Mixed-use Building.xlsx,388975
Excel/C2014-02 Playing Cards.xlsx,269229
Excel/C2014-03 Organizational Development.xlsx,338028
Excel/C2014-04 Compressor Station Zelzate.xlsx,365848
Excel/C2014-05 Apartment Building (1).xlsx,162442
Excel/C2014-06 Apartment Building (2).xlsx,232090
Excel/C2014-07 Apartment Building (3).xlsx,172662
Excel/C2014-08 Apartment Building (4).xlsx,195387
Excel/C2015-01 Young Cattle Barn (2).xlsx,126465
Excel/C2015-02 Railway Station (1).xlsx,421403
Excel/C2015-03 Industrial Complex (1).xlsx,314264
Excel/C2015-04 Apartment Building (5).xlsx,145660
Excel/C2015-05 Apartment Building (6).xlsx,115385
Excel/C2015-06 Family Residence (2).xlsx,367215
Excel/C2015-07 Industrial Complex (2).xlsx,305513
Excel/C2015-08 Garden Center.xlsx,327119
Excel/C2015-09 Railway Station (2).xlsx,623575
Excel/C2015-10 Tax Return System (1).xlsx,64289
Excel/C2015-11 Staff Authorization System.xlsx,81730
Excel/C2015-12 Premium Payment System.xlsx,79974
Excel/C2015-13 Broker Account Conversion System.xlsx,75161
Excel/C2015-14 Supplementary Pensions Database.xlsx,107207
Excel/C2015-15 FACTA System.xlsx,64670
Excel/C2015-16 Generic Document Output System.xlsx,102479
Excel/C2015-17 Insurance Bundling System.xlsx,145940
Excel/C2015-18 Tax Return System (2).xlsx,90847
Excel/C2015-19 Receipt Numbering System.xlsx,77318
Excel/C2015-20 Policy Numbering System.xlsx,65640
Excel/C2015-21 Investment Product (1).xlsx,74513
Excel/C2015-22 Risk Profile Questionnaire.xlsx,82164
Excel/C2015-23 Investment Product (2).xlsx,89873
Excel/C2015-24 CRM System.xlsx,139981
Excel/C2015-25 Beer Tasting.xlsx,67986
Excel/C2015-26 Debt Collection System.xlsx,288608
Excel/C2015-27 Railway Station Antwerp.xlsx,127098
Excel/C2015-28 Website Tennis Vlaanderen.xlsx,113953
Excel/C2015-29 Fire Station.xlsx,369625
Excel/C2015-30 Social Apartments Ypres (1).xlsx,203083
Excel/C2015-31 Social Apartments Ypres (2).xlsx,254315
Excel/C2015-32 Social Apartments Ypres (3).xlsx,223930
Excel/C2015-33 IJzertoren Memorial Square.xlsx,73147
Excel/C2015-34 Roadworks Poperinge.xlsx,89154
Excel/C2015-35 Retirement Apartments.xlsx,452290
Excel/C2016-01 Railway Bridge (1).xlsx,172550
Excel/C2016-02 Railway Bridge (2).xlsx,157273
Excel/C2016-03 Railway Bridge (3).xlsx,139280
Excel/C2016-04 Railway Bridge (4).xlsx,150181
Excel/C2016-05 Railway Bridge (5).xlsx,142296
Excel/C2016-06 Defense Building.xlsx,321816
Excel/C2016-07 Shopping Village Walkways.xlsx,300355
Excel/C2016-08 SCM System.xlsx,897846
Excel/C2016-09 Data Loss Prevention System.xlsx,278146
Excel/C2016-10 Biofuel Refinery.xlsx,217151
Excel/C2016-11 Residential House (1).xlsx,112870
Excel/C2016-12 Residential House (2).xlsx,116697
Excel/C2016-13 Residential House (3).xlsx,111828
Excel/C2016-14 Residential House (4).xlsx,108226
Excel/C2016-15 Residential House Structural Work.xlsx,65642
Excel/C2016-16 Residential House Finishing Works (1).xlsx,74961
Excel/C2016-17 Residential House Finishing Works (2).xlsx,74991
Excel/C2016-18 Residential House Finishing Works (3).xlsx,75639
Excel/C2016-19 Residential House Finishing Works (4).xlsx,75750
Excel/C2016-20 Residential House Finishing Works (5).xlsx,75622
Excel/C2016-21 Residential House Finishing Works (6).xlsx,75056
Excel/C2016-22 Residential House Finishing Works (7).xlsx,75116
Excel/C2016-23 Residential House Finishing Works (8).xlsx,75099
Excel/C2016-24 Residential House Finishing Works (9).xlsx,75107
Excel/C2016-25 Residential House Finishing Works (10).xlsx,75016
Excel/C2016-26 Residential House Finishing Works (11).xlsx,74994
Excel/C2016-27 Apartment Building Foundations.xlsx,69808
Excel/C2016-28 Apartment Building Structural Work (1).xlsx,70436
Excel/C2016-29 Apartment Building Structural Work (2).xlsx,72195
Excel/C2016-30 Apartment Building Structural Work (3).xlsx,75183
Excel/C2016-31 Apartment Building Finishing Works (1).xlsx,73499
Excel/C2016-32 Apartment Building Finishing Works (2).xlsx,72477
Excel/C2016-33 Apartment Building Finishing Works (3).xlsx,73488
Excel/C2016-34 Apartment Building Finishing Works (4).xlsx,64900
Excel/C2016-35 Sweetpack.xlsx,66867
Excel/C2016-36 Residential reconstruction.xlsx,58814
Excel/C2016-37 Event planning.xlsx,63190
Excel/C2016-38 Passive house construction.xlsx,14849
Excel/C2016-39 Investment building.xlsx,61471
Excel/C2016-40 Artes project (1).xlsx,73265
Excel/C2016-41 Artes project (2).xlsx,73261
Excel/C2016-42 Shared bike app development.xlsx,233259
Excel/C2016-43 Mail delivery app.xlsx,63781
Excel/C2017-01 Apartment construction.xlsx,69764
Excel/C2017-02 Charging block network.xlsx,60370
Excel/C2017-03 Hydrogen Island.xlsx,75914
Excel/C2017-04 Recy-call.xlsx,56864
Excel/C2017-05 JobFair Gent.xlsx,13829
Excel/C2017-06 Landing gear development.xlsx,160715
Excel/C2018-01 App development.xlsx,60323
Excel/C2018-02 eScooter.xlsx,50095
Excel/C2018-03 Castelein.xlsx,53389
Excel/C2018-04 Christmas market (1).xlsx,61555
Excel/C2018-05 Music festival.xlsx,62526
Excel/C2018-06 Camera network.xlsx,12441
Excel/C2018-07 WKB developmentl.xlsx,56639
Excel/C2018-08 Bikesharing platform.xlsx,841417
Excel/C2018-09 CarSharing platform.xlsx,16588
Excel/C2018-10 Fontein.xlsx,228865
Excel/C2018-11 Warehouse renovation.xlsx,49455
Excel/C2018-12 Cornflakes new taste.xlsx,12726
Excel/C2018-13 Christmas market (2Γö¼Γûæ.xlsx,270916
Excel/C2019-01 Lepelstraat.xlsx,183462
Excel/C2019-02 Social Housing.xlsx,78607
Excel/C2019-03 Emergency Department.xlsx,128535
Excel/C2019-04 Nuclear Healthcare.xlsx,203991
Excel/C2019-05 Fuel Tank Filter.xlsx,79861
Excel/C2019-06 Production Line Change.xlsx,96426
Excel/C2019-07 Gluing Machine.xlsx,59776
Excel/C2019-08 Labeling Machine.xlsx,55804
Excel/C2019-09 Recreation building.xlsx,77087
Excel/C2019-10 Family residence (3).xlsx,35976
Excel/C2019-11 Tournament infrastructure.xlsx,189731
Excel/C2019-12 Residential apartment building.xlsx,40771
Excel/C2019-13 Weekend trip organisation.xlsx,32397
Excel/C2019-14 Weekend trip preparation.xlsx,29229
Excel/C2019-15 Electrical step sharing platform.xlsx,14087
Excel/C2019-16 Lock Ganzepoot.xlsx,14499
Excel/C2019-17 Wine production.xlsx,31686
Excel/C2019-18 Greenhouse.xlsx,33895
Excel/C2019-19 Transitional house.xlsx,35280
Excel/C2019-20 Paradice.xlsx,41439
Excel/C2019-21 Tanglewood.xlsx,33326
Excel/C2019-22 BAM Deelproject 1.xlsx,454481
Excel/C2019-23 BAM Deelproject 2.xlsx,260045
Excel/C2019-24 BAM Deelproject 3b.xlsx,451461
Excel/C2019-25 BAM Deelproject 3b.xlsx,257593
Excel/C2019-26 BAM Deelproject 4.xlsx,95297
Excel/C2019-27 BAM Deelproject 6.xlsx,282702
Excel/C2019-28 BAM Deelproject 7.xlsx,77858
Excel/C2020-01 Upgrading a racing car.xlsx,20311
Excel/C2022-01 Student kick-off Kramersplein.xlsx,30096
Excel/C2022-02 Student kick-off Sint-Pietersplein.xlsx,26978
Excel/C2023-01 House renovation.xlsx,42812
Excel/C2023-02 Security.xlsx,19351
Excel/C2023-03 metaBOF.xlsx,42973
Excel/C2023-04 Six Story Apartment.xlsx,48650
Excel/C2023-05 IT Data migration.xlsx,129840
Excel/C2023-06 Steel industry.xlsx,837953
Excel/C2023-07 Building Nevele.xlsx,28812
Excel/C2023-08 Family home.xlsx,45630
Excel/C2023-09 Wine storage expansion.xlsx,42410
Excel/C2023-10 UK Roap map.xlsx,12380
Excel/C2023-11 Rail-net communication point 1.xlsx,174709
Excel/C2023-12 Railroad construction.xlsx,65484
Excel/C2023-13 Rail-net communication point 2.xlsx,118144
Excel/C2023-14 Building a sustainable future.xlsx,14386
Excel/C2024-01 Signalisation work Peru.xlsx,98463
Excel/C2024-02 Gas Pipeline.xlsx,19390
Excel/C2024-03 Learning Management System Implementation.xlsx,24268
Excel/C2024-04 New Product Development.xlsx,31716
Excel/C2024-05 Product Marketing.xlsx,26771
Excel/C2025-01 Water Intake and Canal Rehabilitation.xlsx,58719
Excel/C2025-02 Urban Road.xlsx,80194
Excel/C2025-03 School Classroom Construction.xlsx,69458
Excel/C2025-04 Sidewalk Reconstruction.xlsx,134560
Excel/C2025-05 Education Service.xlsx,39645
Excel/C2025-06 Primary School.xlsx,45391
Excel/C2025-07 School Sports Facility Development.xlsx,32800
Excel/C2025-08 Convertible Roofing.xlsx,60161
Excel/C2025-09 Primary Classroom.xlsx,65299
Excel/C2025-10 temporary facilities.xlsx,66005
Excel/C2025-11 Power Network.xlsx,24395
Excel/C2025-12 Public Plaza.xlsx,59428
Excel/C2025-13 University Library Construction.xlsx,118152
Excel/C2025-14 Drainage System.xlsx,45905
Excel/C2025-15 Irrigation Canal Repair .xlsx,42018
Excel/C2025-16 ACTIVIDADES GENERALES.xlsx,35654
Excel/C2025-17 Temporary Works.xlsx,92802
Excel/C2025-18 MEJORAMIENTO DE LOS.xlsx,150561
Excel/C2025-19 Road Drainage Construction with COVID-19 Safety Measures.xlsx,122354
Excel/C2025-20 Drainage Culverts Construction.xlsx,34605
Excel/C2025-21 Sanitary Facilities .xlsx,64570
Excel/C2025-22 Sanitary Sewer Network Infrastructure.xlsx,39556
Excel/C2025-23  Active Recreation Construction.xlsx,37159
Excel/C2025-24  CONSTRUSSION DE CERCO.xlsx,53253
Excel/C2025-25 CONSTRUSSION DE PLAZOLETA.xlsx,48688
Excel/C2025-26 MEJORAMIENTO DEL PARQUE.xlsx,47310
Excel/C2025-27  CREACION DEL PAVIMENTADO.xlsx,80980
Excel/C2025-28 CRONOGRAMA DE OBRA.xlsx,37150
Project Card/C2011-01 Project card.pdf,226559
Project Card/C2011-02 Project card.pdf,226678
Project Card/C2011-03 Project card.pdf,225916
Project Card/C2011-04 Project card.pdf,390827
Project Card/C2011-05 Telecom System Agnes.pdf,231426
Project Card/C2011-06 Veterinary Exposition.pdf,241257
Project Card/C2011-07 Patient Transport System.pdf,254599
Project Card/C2011-08 Project card.pdf,387959
Project Card/C2011-09 Project card.pdf,383639
Project Card/C2011-10 Building a House.pdf,258649
Project Card/C2011-11 Project card.pdf,226119
Project Card/C2011-12 Claeys-Verhelst Premises.pdf,255162
Project Card/C2011-13 Project card.pdf,240814
Project Card/C2011-14 Project card.pdf,205700
Project Card/C2012-01 Project card.pdf,386007
Project Card/C2012-02 Project card.pdf,375344
Project Card/C2012-03 Project card.pdf,205205
Project Card/C2012-04 Project card.pdf,391933
Project Card/C2012-05 Project card.pdf,393127
Project Card/C2012-06 Project card.pdf,206138
Project Card/C2012-07 Project card.pdf,204839
Project Card/C2012-08 Project card.pdf,225761
Project Card/C2012-09 Project card.pdf,226748
Project Card/C2012-10 Project card.pdf,226516
Project Card/C2012-11 Project card.pdf,226487
Project Card/C2012-12 Project card.pdf,205792
Project Card/C2012-13 Pumping Station Jabbeke.pdf,358480
Project Card/C2012-14 Project card.pdf,226061
Project Card/C2012-15 Project card.pdf,240658
Project Card/C2012-16 Project card.pdf,337970
Project Card/C2012-17 Building a Dream.pdf,255734
Project Card/C2013-01 Wiedauwkaai Fenders.pdf,255539
Project Card/C2013-02 Sewage Plant Hove.pdf,254184
Project Card/C2013-03 Brussels Finance Tower.pdf,254734
Project Card/C2013-04 Kitchen Tower Anderlecht.pdf,254857
Project Card/C2013-05 PET Packaging.pdf,254213
Project Card/C2013-06 Government Office Building.pdf,255530
Project Card/C2013-07 Family Residence.pdf,255790
Project Card/C2013-08 Timber House.pdf,255830
Project Card/C2013-09 Urban Development Project.pdf,256196
Project Card/C2013-10 Town Square.pdf,254896
Project Card/C2013-11 Recreation Complex.pdf,254692
Project Card/C2013-12 Young Cattle Barn.pdf,255122
Project Card/C2013-13 Office Finishing Works (1).pdf,257084
Project Card/C2013-14 Office Finishing Works (2).pdf,255863
Project Card/C2013-15 Office Finishing Works (3).pdf,239890
Project Card/C2013-16 Office Finishing Works (4).pdf,361266
Project Card/C2013-17 Project card.pdf,241491
Project Card/C2014-01 Mixed-use Building.pdf,255028
Project Card/C2014-02 Project card.pdf,239720
Project Card/C2014-03 Project card.pdf,240348
Project Card/C2014-04 Project card.pdf,240699
Project Card/C2014-05 Apartment Building (1).pdf,341695
Project Card/C2014-06 Apartment Building (2).pdf,343755
Project Card/C2014-07 Apartment Building (3).pdf,341795
Project Card/C2014-08 Apartment Building (4).pdf,340739
Project Card/C2015-01 Project Card.pdf,1463626
Project Card/C2015-02 Project Card.pdf,1463172
Project Card/C2015-03.pdf,1399684
Project Card/C2015-04 Project Card.pdf,1463642
Project Card/C2015-05 Project Card.pdf,1463556
Project Card/C2015-06 Family Residence (2).pdf,1463154
Project Card/C2015-07 Project Card.pdf,1462898
Project Card/C2015-08 Project Card.pdf,1463132
Project Card/C2015-09 Railway Station (2).pdf,1470724
Project Card/C2015-10.pdf,1384509
Project Card/C2015-11 Staff Authorization System.pdf,1399297
Project Card/C2015-12.pdf,1384158
Project Card/C2015-13 Broker Account Conversion.pdf,1384715
Project Card/C2015-14.pdf,1384553
Project Card/C2015-15.pdf,1398971
Project Card/C2015-16.pdf,1384531
Project Card/C2015-17 Project Card.pdf,1462986
Project Card/C2015-18.pdf,1384756
Project Card/C2015-19.pdf,1384522
Project Card/C2015-20.pdf,1384339
Project Card/C2015-21.pdf,1398230
Project Card/C2015-22 Risk Profile Questionnaire.pdf,1400138
Project Card/C2015-23 Investment Product (2).pdf,1398951
Project Card/C2015-24 Project Card.pdf,1462565
Project Card/C2015-25.pdf,1397797
Project Card/C2015-26 Debt Collection System.pdf,1472220
Project Card/C2015-27 Project Card.pdf,1462352
Project Card/C2015-28 Project Card.pdf,1463729
Project Card/C2015-29.pdf,1399223
Project Card/C2015-30.pdf,1400155
Project Card/C2015-31 Social Apartments Ypres (2).pdf,1414701
Project Card/C2015-32.pdf,1399940
Project Card/C2015-33 Project Card.pdf,1463389
Project Card/C2015-34.pdf,1398957
Project Card/C2015-35 Retirement Apartments.pdf,340832
Project Card/C2016-01 Railway Bridge (1).pdf,341826
Project Card/C2016-02 Railway Bridge (2).pdf,384849
Project Card/C2016-03 Railway Bridge (3).pdf,378933
Project Card/C2016-04 Railway Bridge (4).pdf,370881
Project Card/C2016-05 Railway Bridge (5).pdf,370200
Project Card/C2016-06 Defense Building.pdf,375800
Project Card/C2016-07 Shopping Village Walkways.pdf,401640
Project Card/C2016-08 SCM System.pdf,340650
Project Card/C2016-10 Biofuel Refinery.pdf,224420
Project Card/C2016-11 Residential House (1).pdf,211213
Project Card/C2016-12 Residential House (2).pdf,210284
Project Card/C2016-13 Residential House (3).pdf,211703
Project Card/C2016-14 Residential House (4).pdf,210439
Project Card/C2016-15 Residential House Structural Work.pdf,337138
Project Card/C2016-16 Residential House Finishing Works (1).pdf,334939
Project Card/C2016-17 Residential House Finishing Works (2).pdf,323279
Project Card/C2016-18 Residential House Finishing Works (3).pdf,326183
Project Card/C2016-19 Residential House Finishing Works (4).pdf,326062
Project Card/C2016-20 Residential House Finishing Works (5).pdf,326645
Project Card/C2016-21 Residential House Finishing Works (6).pdf,325654
Project Card/C2016-22 Residential House Finishing Works (7).pdf,325642
Project Card/C2016-23 Residential House Finishing Works (8).pdf,355222
Project Card/C2016-24 Residential House Finishing Works (9).pdf,343057
Project Card/C2016-25 Residential House Finishing Works (10).pdf,343262
Project Card/C2016-26 Residential House Finishing Works (11).pdf,344276
Project Card/C2016-27 Apartment Building Foundations.pdf,335495
Project Card/C2016-28 Apartment Building Structural Work (1).pdf,321728
Project Card/C2016-29 Apartment Building Structural Work (2).pdf,336516
Project Card/C2016-30 Apartment Building Structural Work (3).pdf,363747
Project Card/C2016-31Apartment Building Finishing Works (1).pdf,362301
Project Card/C2016-32 Apartment Building Finishing Works (2).pdf,359466
Project Card/C2016-33Apartment Building Finishing Works (3).pdf,368391
Project Card/C2016-34 Apartment Building Finishing Works (4).pdf,367613
Project Card/C2016-35 Sweetpack Projectcard.pdf,134878
Project Card/C2016-36  Contruction.pdf,171084
Project Card/C2016-37 Projectcard.pdf,137483
Project Card/C2016-38 Project card.pdf,343884
Project Card/C2016-39 Construction 2.pdf,173027
Project Card/C2016-40 Artes project.pdf,157447
Project Card/C2016-41 Projectcard fireplaces4.pdf,134147
Project Card/C2016-42 Projectcard.pdf,217195
Project Card/C2016-43 Construction 3.pdf,171323
Project Card/C2016-9 Data Loss Prevention System.pdf,222418
Project Card/C2017-01 Projectcard.pdf,137434
Project Card/C2017-02 Projectcard.pdf,133549
Project Card/C2017-03 Hydrogen Island.pdf,170647
Project Card/C2017-04 Project card.pdf,177901
Project Card/C2017-05 Project card.pdf,334995
Project Card/C2017-06 Projectcard.pdf,203163
Project Card/C2018-01 Projectcard.pdf,134588
Project Card/C2018-02 Projectcard.pdf,138290
Project Card/C2018-03 Projectcard.pdf,193676
Project Card/C2018-04 projectcard.pdf,137234
Project Card/C2018-05 Projectcard.pdf,137198
Project Card/C2018-06 Project card.pdf,341192
Project Card/C2018-07 WKB development.pdf,274231
Project Card/C2018-08 Projectcard .pdf,217842
Project Card/C2018-09 Project card.pdf,336021
Project Card/C2018-10  Fontein.pdf,353814
Project Card/C2018-11 Project card.pdf,172219
Project Card/C2018-12 Project card.pdf,338173
Project Card/C2018-13 Projectcard.pdf,217160
Project Card/C2019-01 Lepelstraat.pdf,361540
Project Card/C2019-02 Social Housing.pdf,355967
Project Card/C2019-03 Emergency Department.pdf,361474
Project Card/C2019-04 Nuclear Healthcare.pdf,362036
Project Card/C2019-05 Fuel Tank Filter.pdf,345254
Project Card/C2019-06  Production Line Change.pdf,344736
Project Card/C2019-07 Gluing Machinge.pdf,356281
Project Card/C2019-08 Labeling Machine.pdf,359545
Project Card/C2019-09 Project Card.pdf,152331
Project Card/C2019-10  Family residence.pdf,175773
Project Card/C2019-11_procard.pdf,304254
Project Card/C2019-12_procard.pdf,175535
Project Card/C2019-13_procard.pdf,177757
Project Card/C2019-14 Planning trip.pdf,178627
Project Card/C2019-15_procard.pdf,174576
Project Card/C2019-16 Project card.pdf,388402
Project Card/C2019-17 Wine production.pdf,170584
Project Card/C2019-18_procard.pdf,178311
Project Card/C2019-19_procard.pdf,177429
Project Card/C2019-20 Paradice.pdf,192104
Project Card/C2019-21_procard.pdf,177540
Project Card/C2019-22 BAM deelproject 1.pdf,172125
Project Card/C2019-23 BAM deelproject 2.pdf,172126
Project Card/C2019-24 BAM deelproject 3a.pdf,172113
Project Card/C2019-25 BAM deelproject 3b.pdf,172890
Project Card/C2019-26 BAM deelproject 4.pdf,172090
Project Card/C2019-27 BAM deelproject 6.pdf,172153
Project Card/C2019-28 BAM deelproject 7.pdf,172107
Project Card/C2020-01 Project card.pdf,1454614
Project Card/C2022-01 Student kick-off Kramersplein.pdf,1382969
Project Card/C2022-02  Student kick-off Sint-Pietersplein.pdf,1382922
Project Card/C2023-01  House renovation.pdf,1459066
Project Card/C2023-02 Project card.pdf,337956
Project Card/C2023-03 Project card.pdf,1456591
Project Card/C2023-04 Project card.pdf,1457467
Project Card/C2023-05 IT data migration.pdf,1455581
Project Card/C2023-06 Project card.pdf,1457345
Project Card/C2023-07 Project card.pdf,2405417
Project Card/C2023-08 Project Card.pdf,862791
Project Card/C2023-09 Project card.pdf,1469307
Project Card/C2023-10 UK Road Project.pdf,1381380
Project Card/C2023-11 Project card.pdf,1456277
Project Card/C2023-12 Project card.pdf,1456896
Project Card/C2023-13 Project card.pdf,1455321
Project Card/C2023-14 Building a sustainable future.pdf,1383214
Project Card/C2024-01 Project card.pdf,1456380
Project Card/C2024-02 Gas Pipeline Project Card.pdf,595495
Project Card/C2024-03 Learning Management System Implementation Project Card.pdf,597868
Project Card/C2024-04 New product development.pdf,374285
Project Card/C2024-05 Product Marketing Project Card.pdf,595600
Project Card/C2025-01 Project card.pdf,343448
Project Card/C2025-02 Project Card.pdf,405469
Project Card/C2025-03 Project Card.pdf,404366
Project Card/C2025-04 Project Card.pdf,332245
Project Card/C2025-05 Project Card.pdf,423589
Project Card/C2025-06 Project Card.pdf,334877
Project Card/C2025-07 Project Card.pdf,334854
Project Card/C2025-10 Project Card.pdf,336178
Project Card/C2025-11 Project Card.pdf,336318
Project Card/C2025-12 Project Card.pdf,335747
Project Card/C2025-13 Project Card.pdf,334945
Project Card/C2025-14 Project Card.pdf,423464
Project Card/C2025-15 Project Card.pdf,260642
Project Card/C2025-16 Project Card.pdf,307596
Project Card/C2025-17 Project Card.pdf,319124
Project Card/C2025-18 Project Card.pdf,250554
Project Card/C2025-19 Project Card.pdf,310899
Project Card/C2025-20 Project Card.pdf,277890
Project Card/C2025-21 Project Card.pdf,369758
Project Card/C2025-22 Project Card.pdf,262997
Project Card/C2025-23 Project Card.pdf,348128
Project Card/C2025-24 Project Card.pdf,1370930
Project Card/C2025-25 Project Card.pdf,1371949
Project Card/C2025-26 Project Card.pdf,1372830
Project Card/C2025-27 Project Card.pdf,1371643
Project Card/C2025-28 Project Card.pdf,1370421
Project Card/C2025-8 Project Card.pdf,333821
Project Card/C2025-9 Project Card.pdf,333757
Protrack/C2011-01 Nursing Home Noordhinder.p2x.zip,30907
Protrack/C2011-02 Social Housing Kortrijk.p2x.zip,22203
Protrack/C2011-03 Family Day.p2x.zip,7789
Protrack/C2011-04 Railway Station Sint-Joost.p2x,128332
Protrack/C2011-05 Telecom System Agnes.p2x.zip,9378
Protrack/C2011-06 Veterinary Exposition.p2x.zip,13965
Protrack/C2011-07 Patient Transport System.p2x.zip,19453
Protrack/C2011-08 Sports Center Tielt.p2x,73738
Protrack/C2011-09 Commercial IT Project.p2x,111534
Protrack/C2011-10 Building a House.p2x.zip,18881
Protrack/C2011-11 Eating Belgium.p2x.zip,8733
Protrack/C2011-12 Claeys-Verhelst Premises.p2x.zip,16038
Protrack/C2011-13 Wind Farm.p2x.zip,138255
Protrack/C2011-14 Hotel Reylof.p2x.zip,19330
Protrack/C2012-01 Manufacturing Tool Cost Module.p2x,55082
Protrack/C2012-02 Nut Mixing Station.p2x,141309
Protrack/C2012-03 Day Care.p2x.zip,5981
Protrack/C2012-04 Asti-Cuneo Highway.p2x,205648
Protrack/C2012-05 Tappan Zee Bridge.p2x,84757
Protrack/C2012-06 Youth Hostel Merkenveld.p2x.zip,12120
Protrack/C2012-07 Solar Park.p2x.zip,23916
Protrack/C2012-08 Sea Electricity.p2x.zip,72031
Protrack/C2012-09 Digipolis Talent Management Suite.p2x.zip,44479
Protrack/C2012-10 Gabala Resort Outdoor Pool.p2x.zip,7265
Protrack/C2012-11 MIVB SeSaMe.p2x.zip,7366
Protrack/C2012-12 Railway Station Ghent.p2x.zip,12196
Protrack/C2012-13 Pumping Station Jabbeke.p2x.zip,27714
Protrack/C2012-14 Sluiskil Tunnel.p2x.zip,13307
Protrack/C2012-15 The Master Project.p2x.zip,23075
Protrack/C2012-16 Metal Extraction.p2x,223996
Protrack/C2012-17 Building a Dream.p2x.zip,18132
Protrack/C2013-01 Wiedauwkaai Fenders.p2x.zip,12572
Protrack/C2013-02 Sewage Plant Hove.p2x.zip,55131
Protrack/C2013-03 Brussels Finance Tower.p2x.zip,20327
Protrack/C2013-04 Kitchen Tower Anderlecht.p2x.zip,59659
Protrack/C2013-05 PET Packaging.p2x.zip,12640
Protrack/C2013-06 Government Office Building.p2x.zip,78738
Protrack/C2013-07 Family Residence.p2x.zip,13847
Protrack/C2013-08 Timber House.p2x.zip,13838
Protrack/C2013-09 Urban Development Project.p2x.zip,18046
Protrack/C2013-10 Town Square.p2x.zip,92141
Protrack/C2013-11 Recreation Complex.p2x.zip,66079
Protrack/C2013-12 Young Cattle Barn.p2x.zip,9340
Protrack/C2013-13 Office Finishing Works (1).p2x.zip,6915
Protrack/C2013-14 Office Finishing Works (2).p2x.zip,4999
Protrack/C2013-15 Office Finishing Works (3).p2x.zip,7849
Protrack/C2013-16 Office Finishing Works (4).p2x.zip,5311
Protrack/C2013-17 Office Finishing Works (5).p2x.zip,8962
Protrack/C2014-01 Mixed-use Building.p2x.zip,19127
Protrack/C2014-02 Playing Cards.p2x.zip,9808
Protrack/C2014-03 Organizational Development.p2x.zip,29831
Protrack/C2014-04 Compressor Station Zelzate.p2x.zip,12600
Protrack/C2014-05 Apartment Building (1).p2x.zip,10333
Protrack/C2014-06 Apartment Building (2).p2x.zip,12373
Protrack/C2014-07 Apartment Building (3).p2x.zip,10775
Protrack/C2014-08 Apartment Building (4).p2x.zip,13943
Protrack/C2015-01 Young Cattle Barn (2).p2x.zip,10322
Protrack/C2015-02 Railway Station (1).p2x.zip,50448
Protrack/C2015-03 Industrial Complex (1).p2x.zip,35275
Protrack/C2015-04 Apartment Building (5).p2x.zip,14557
Protrack/C2015-05 Apartment Building (6).p2x.zip,15291
Protrack/C2015-06 Family Residence (2).p2x.zip,44444
Protrack/C2015-07 Industrial Complex (2).p2x.zip,36782
Protrack/C2015-08 Garden Center.p2x.zip,42909
Protrack/C2015-09 Railway Station (2).p2x.zip,77291
Protrack/C2015-10 Tax Return System (1).p2x.zip,8219
Protrack/C2015-11 Staff Authorization System.p2x,55895
Protrack/C2015-12 Premium Payment System.p2x.zip,12873
Protrack/C2015-13 Broker Account Conversion System.p2x.zip,8120
Protrack/C2015-14 Supplementary Pensions Database.p2x,107677
Protrack/C2015-15 FACTA System.p2x.zip,7715
Protrack/C2015-16 Generic Document Output System.p2x.zip,10862
Protrack/C2015-17 Insurance Bundling System.p2x.zip,22162
Protrack/C2015-18 Tax Return System (2).p2x,83842
Protrack/C2015-19 Receipt Numbering System.p2x.zip,9456
Protrack/C2015-20 Policy Numbering System.p2x.zip,6410
Protrack/C2015-21 Investment Product (1).p2x,65787
Protrack/C2015-22 Risk Profile Questionnaire.p2x.zip,10301
Protrack/C2015-23 Investment Product (2).p2x.zip,12640
Protrack/C2015-24 CRM System.p2x,144714
Protrack/C2015-25 Beer Tasting.p2x.zip,6723
Protrack/C2015-26 Debt Collection System.p2x.zip,46013
Protrack/C2015-27 Railway Station Antwerp.p2x,100745
Protrack/C2015-28 Website Tennis Vlaanderen.p2x,110100
Protrack/C2015-29 Fire Station.p2x.zip,43828
Protrack/C2015-30 Social Apartments Ypres (1).p2x.zip,9673
Protrack/C2015-31 Social Apartments Ypres (2).p2x.zip,10816
Protrack/C2015-32 Social Apartments Ypres (3).p2x.zip,11423
Protrack/C2015-33 IJzertoren Memorial Square.p2x.zip,4860
Protrack/C2015-34 Roadworks Poperinge.p2x.zip,5425
Protrack/C2015-35 Retirement Apartments.p2x.zip,9734
Protrack/C2016-01 Railway Bridge (1).p2x.zip,10782
Protrack/C2016-02 Railway Bridge (2).p2x.zip,10128
Protrack/C2016-03 Railway Bridge (3).p2x.zip,9802
Protrack/C2016-04 Railway Bridge (4).p2x.zip,10594
Protrack/C2016-05 Railway Bridge (5).p2x.zip,11647
Protrack/C2016-06 Defense Building.p2x.zip,29178
Protrack/C2016-07 Shopping Village Walkways.p2x.zip,29097
Protrack/C2016-08 SCM System.p2x.zip,59319
Protrack/C2016-09 Data Loss Prevention System.p2x.zip,31645
Protrack/C2016-10 Biofuel Refinery.p2x.zip,13697
Protrack/C2016-11 Residential House (1).p2x.zip,13382
Protrack/C2016-12 Residential House (2).p2x.zip,14199
Protrack/C2016-13 Residential House (3).p2x.zip,12875
Protrack/C2016-14 Residential House (4).p2x.zip,12320
Protrack/C2016-15 Residential House Structural Work.p2x.zip,6376
Protrack/C2016-16 Residential House Finishing Works (1).p2x.zip,8115
Protrack/C2016-17 Residential House Finishing Works (2).p2x.zip,4962
Protrack/C2016-18 Residential House Finishing Works (3).p2x.zip,8244
Protrack/C2016-19 Residential House Finishing Works (4).p2x.zip,8228
Protrack/C2016-20 Residential House Finishing Works (5).p2x.zip,8219
Protrack/C2016-21 Residential House Finishing Works (6).p2x.zip,8121
Protrack/C2016-22 Residential House Finishing Works (7).p2x.zip,8140
Protrack/C2016-23 Residential House Finishing Works (8).p2x.zip,8091
Protrack/C2016-24 Residential House Finishing Works (9).p2x.zip,8104
Protrack/C2016-25 Residential House Finishing Works (10).p2x.zip,8076
Protrack/C2016-26 Residential House Finishing Works (11).p2x.zip,8089
Protrack/C2016-27 Apartment Building Foundations.p2x.zip,7116
Protrack/C2016-28 Apartment Building Structural Work (1).p2x.zip,7384
Protrack/C2016-29 Apartment Building Structural Work (2).p2x.zip,7383
Protrack/C2016-30 Apartment Building Structural Work (3).p2x.zip,7938
Protrack/C2016-31 Apartment Building Finishing Works (1).p2x.zip,7853
Protrack/C2016-32 Apartment Building Finishing Works (2).p2x.zip,7827
Protrack/C2016-33 Apartment Building Finishing Works (3).p2x.zip,7867
Protrack/C2016-34 Apartment Building Finishing Works (4).p2x.zip,7736
Protrack/C2016-35 Sweetpack.p2x,71028
Protrack/C2016-36 Residential reconstruction.p2x,114758
Protrack/C2016-37 Event planning.p2x,45802
Protrack/C2016-38 Passive house construction.p2x,54099
Protrack/C2016-39 Investment building.p2x,47713
Protrack/C2016-40 Artes project (1).p2x,146097
Protrack/C2016-41 Artes project (2).p2x,71946
Protrack/C2016-42 Shared bike app development.p2x,350012
Protrack/C2016-43 Mail delivery app.p2x,178271
Protrack/C2017-01 Apartment construction.p2x,75362
Protrack/C2017-02 Charging block network.p2x,40037
Protrack/C2017-03 Hydrogen Island.p2x,118046
Protrack/C2017-04 Recy-call.p2x,180087
Protrack/C2017-05 JobFair Gent.p2x,43474
Protrack/C2017-06 Landing gear development.p2x,207840
Protrack/C2018-01 App development.p2x,34534
Protrack/C2018-02 eScooter.p2x,35564
Protrack/C2018-03 Castelein.p2x,69441
Protrack/C2018-04 Christmas market (1).p2x,154145
Protrack/C2018-05 Music festival.p2x,146595
Protrack/C2018-06 Camera network.p2x,30513
Protrack/C2018-07 WKB development.p2x,21892
Protrack/C2018-08 Bikesharing platform.p2x,940609
Protrack/C2018-09 CarSharing platform.p2x,62372
Protrack/C2018-10 Fontein.p2x,378754
Protrack/C2018-11 Warehouse renovation.p2x,41462
Protrack/C2018-12 Cornflakes new taste.p2x,45594
Protrack/C2018-13 Christmas market (2).p2x,475693
Protrack/C2019-01 Lepelstraat_relations.p2x,100664
Protrack/C2019-02 Social Housing_relations.p2x,25485
Protrack/C2019-03 Emergency Department_relations.p2x,27629
Protrack/C2019-04 Nuclear Healthcare.p2x,350632
Protrack/C2019-05 Fuel Tank Filter.p2x,93837
Protrack/C2019-06 Production Line Change.p2x,145002
Protrack/C2019-07 Gluing Machine.p2x,55371
Protrack/C2019-08 Labeling Machine.p2x,47517
Protrack/C2019-09 Recreation building.p2x,141825
Protrack/C2019-10 Family residence (3).p2x,72787
Protrack/C2019-11 Tournament infrastructure.p2x,323837
Protrack/C2019-12 Residential apartment building.p2x,83372
Protrack/C2019-13 Weekend trip organisation.p2x,122896
Protrack/C2019-14 Weekend trip preparation.p2x,131478
Protrack/C2019-15 Electrical step sharing platform.p2x,50559
Protrack/C2019-16 Lock Ganzepoot .p2x,87303
Protrack/C2019-17 Wine production.p2x,134866
Protrack/C2019-18 Greenhouse.p2x,46701
Protrack/C2019-19 Traditional house.p2x,85547
Protrack/C2019-20 Paradice .p2x,92315
Protrack/C2019-21 Tanglewood 4.p2x,62072
Protrack/C2019-22 BAM Deelproject 1.p2x,1877256
Protrack/C2019-23 BAM Deelproject 2.p2x,861896
Protrack/C2019-24 BAM Deelproject 3a.p2x,1851983
Protrack/C2019-25 BAM Deelproject 3b.p2x,2473428
Protrack/C2019-26 BAM Deelproject 4.p2x,869375
Protrack/C2019-27 BAM Deelproject 6.p2x,1156850
Protrack/C2019-28 BAM Deelproject 7.p2x,176711
Protrack/C2020-01 Upgrading a racing car.p2x,181260
Protrack/C2022-01 Student kick-off Kramersplein.p2x,255093
Protrack/C2022-02 Student kick-off Sint-Pietersplein.p2x,215675
Protrack/C2023-01 House renovation.p2x,137120
Protrack/C2023-02 Security.p2x,92442
Protrack/C2023-03 metaBOF.p2x,183720
Protrack/C2023-04 Six Story Apartment.p2x,128106
Protrack/C2023-05 IT Data migration.p2x,411551
Protrack/C2023-06 Steel industry.p2x,3829561
Protrack/C2023-07 Building Nevele.p2x,119850
Protrack/C2023-08 Family Home.p2x,177705
Protrack/C2023-09 Wine storage expansion.p2x,96513
Protrack/C2023-10 UK Roap map.p2x,30767
Protrack/C2023-11 Rail-net communication point 1.p2x,1046783
Protrack/C2023-12 Railroad construction.p2x,264126
Protrack/C2023-13 Rail-net communication point 2.p2x,750740
Protrack/C2023-14 Building a sustainable future.p2x,51199
Protrack/C2024-01 Signalisation work Peru.p2x,315461
Protrack/C2024-02 Gas Pipeline.p2x,188900
Protrack/C2024-03 Learning Management System Implementation.p2x,348968
Protrack/C2024-04 New Product Development.p2x,337865
Protrack/C2024-05 Product Marketing.p2x,272541
Protrack/C2025-01.p2x,189335
Protrack/C2025-02 Urban Road.p2x,366738
Protrack/C2025-03 School Classroom Construction.p2x,441639
Protrack/C2025-04 Sidewalk Reconstruction.p2x,591698
Protrack/C2025-05 Education Service.p2x,177800
Protrack/C2025-06 Primary School.p2x,177477
Protrack/C2025-07 School Sports Facility Development.p2x,76139
Protrack/C2025-08 Convertible Roofing.p2x,254440
Protrack/C2025-09 Primary Classroom.p2x,371478
Protrack/C2025-10 temporary facilities.p2x.zip,13933
Protrack/C2025-11 Power Network.p2x.zip,6107
Protrack/C2025-12 Public Plaza.p2x.zip,13889
Protrack/C2025-13 University Library Construction.p2x,559111
Protrack/C2025-14 Drainage System.p2x,249113
Protrack/C2025-15 Irrigation Canal Repair .p2x,173739
Protrack/C2025-16 ACTIVIDADES GENERALES.p2x,150780
Protrack/C2025-17 Temporary Works.p2x,550189
Protrack/C2025-18 MEJORAMIENTO DE LOS.p2x,863069
Protrack/C2025-19 Road Drainage Construction with COVID-19 Safety Measures.p2x,135007
Protrack/C2025-20 Drainage Culverts Construction.p2x,124400
Protrack/C2025-21 Sanitary Facilities.p2x,415967
Protrack/C2025-22 Sanitary Sewer Network Infrastructure.p2x,158232
Protrack/C2025-23 Active Recreation Construction.p2x.zip,9188
Protrack/C2025-24  CONSTRUSSION DE CERCO.p2x.zip,10649
Protrack/C2025-25 CONSTRUSSION DE PLAZOLETA.p2x,244323
Protrack/C2025-26 MEJORAMIENTO DEL PARQUE.p2x,256951
Protrack/C2025-27  CREACION DEL PAVIMENTADO.p2x,419551
Protrack/C2025-28 CRONOGRAMA DE OBRA.p2x.zip,8432
Readme.rtf,7275
