project_id,file_name,group,tracking_overview_rows,tp_sheets
C2011-01,C2011-01 Nursing Home Noordhinder,C,0,0
C2011-02,C2011-02 Social Housing Kortrijk,C,0,0
C2011-03,C2011-03 Family Day,C,0,0
C2011-04,C2011-04 Railway Station Sint-Joost,C,0,0
C2011-05,C2011-05 Telecom System Agnes,A,5,5
C2011-06,C2011-06 Veterinary Exposition,C,0,0
C2011-07,C2011-07 Patient Transport System,A,23,23
C2011-08,C2011-08 Sports Center Tielt,C,0,0
C2011-09,C2011-09 Commercial IT Project,C,0,0
C2011-10,C2011-10 Building a House,A,41,41
C2011-11,C2011-11 Eating Belgium,C,0,0
C2011-12,C2011-12 Claeys-Verhelst Premises,A,8,8
C2011-13,C2011-13 Wind Farm,A,120,120
C2011-14,C2011-14 Hotel Reylof,C,0,0
C2012-01,C2012-01 Manufacturing Tool Cost Module,C,0,0
C2012-02,C2012-02 Nut Mixing Station,C,0,0
C2012-03,C2012-03 Day Care,C,0,0
C2012-04,C2012-04 Asti-Cuneo Highway,C,0,0
C2012-05,C2012-05 Tappan Zee Bridge,C,0,0
C2012-06,C2012-06 Youth Hostel Merkenveld,C,0,0
C2012-07,C2012-07 Solar Park,C,0,0
C2012-08,C2012-08 Sea Electricity,C,0,0
C2012-09,C2012-09 Digipolis Talent Management Suite,C,0,0
C2012-10,C2012-10 Gabala Resort Outdoor Pool,C,0,0
C2012-11,C2012-11 MIVB SeSaMe,C,0,0
C2012-12,C2012-12 Railway Station Ghent,C,0,0
C2012-13,C2012-13 Pumping Station Jabbeke,A,28,28
C2012-14,C2012-14 Sluiskil Tunnel,C,0,0
C2012-15,C2012-15 The Master Project,A,7,7
C2012-16,C2012-16 Metal Extraction,C,0,0
C2012-17,C2012-17 Building a Dream,A,41,41
C2013-01,C2013-01 Wiedauwkaai Fenders,A,6,6
C2013-02,C2013-02 Sewage Plant Hove,A,17,17
C2013-03,C2013-03 Brussels Finance Tower,A,18,18
C2013-04,C2013-04 Kitchen Tower Anderlecht,A,11,11
C2013-05,C2013-05 PET Packaging,A,31,31
C2013-06,C2013-06 Government Office Building,A,18,18
C2013-07,C2013-07 Family Residence,A,11,11
C2013-08,C2013-08 Timber House,A,13,13
C2013-09,C2013-09 Urban Development Project,A,10,10
C2013-10,C2013-10 Town Square,A,30,30
C2013-11,C2013-11 Recreation Complex,A,20,20
C2013-12,C2013-12 Young Cattle Barn,A,5,5
C2013-13,C2013-13 Office Finishing Works (1),A,9,9
C2013-14,C2013-14 Office Finishing Works (2),A,2,2
C2013-15,C2013-15 Office Finishing Works (3),A,6,6
C2013-16,C2013-16 Office Finishing Works (4),A,5,5
C2013-17,C2013-17 Office Finishing Works (5),A,5,5
C2014-01,C2014-01 Mixed-use Building,A,24,24
C2014-02,C2014-02 Playing Cards,A,29,29
C2014-03,C2014-03 Organizational Development,A,13,13
C2014-04,C2014-04 Compressor Station Zelzate,A,36,36
C2014-05,C2014-05 Apartment Building (1),A,13,13
C2014-06,C2014-06 Apartment Building (2),A,19,19
C2014-07,C2014-07 Apartment Building (3),A,14,14
C2014-08,C2014-08 Apartment Building (4),A,13,13
C2015-01,C2015-01 Young Cattle Barn (2),A,9,9
C2015-02,C2015-02 Railway Station (1),A,9,9
C2015-03,C2015-03 Industrial Complex (1),A,9,9
C2015-04,C2015-04 Apartment Building (5),A,8,8
C2015-05,C2015-05 Apartment Building (6),A,5,5
C2015-06,C2015-06 Family Residence (2),A,10,10
C2015-07,C2015-07 Industrial Complex (2),A,9,9
C2015-08,C2015-08 Garden Center,A,8,8
C2015-09,C2015-09 Railway Station (2),A,9,9
C2015-10,C2015-10 Tax Return System (1),A,3,3
C2015-11,C2015-11 Staff Authorization System,A,3,3
C2015-12,C2015-12 Premium Payment System,A,3,3
C2015-13,C2015-13 Broker Account Conversion System,A,4,4
C2015-14,C2015-14 Supplementary Pensions Database,A,4,4
C2015-15,C2015-15 FACTA System,A,3,3
C2015-16,C2015-16 Generic Document Output System,A,6,6
C2015-17,C2015-17 Insurance Bundling System,A,5,5
C2015-18,C2015-18 Tax Return System (2),A,3,3
C2015-19,C2015-19 Receipt Numbering System,A,4,4
C2015-20,C2015-20 Policy Numbering System,A,4,4
C2015-21,C2015-21 Investment Product (1),A,2,2
C2015-22,C2015-22 Risk Profile Questionnaire,A,4,4
C2015-23,C2015-23 Investment Product (2),A,4,4
C2015-24,C2015-24 CRM System,A,6,6
C2015-25,C2015-25 Beer Tasting,A,3,3
C2015-26,C2015-26 Debt Collection System,A,5,5
C2015-27,C2015-27 Railway Station Antwerp,A,6,6
C2015-28,C2015-28 Website Tennis Vlaanderen,A,4,4
C2015-29,C2015-29 Fire Station,A,8,8
C2015-30,C2015-30 Social Apartments Ypres (1),A,14,14
C2015-31,C2015-31 Social Apartments Ypres (2),A,21,21
C2015-32,C2015-32 Social Apartments Ypres (3),A,14,14
C2015-33,C2015-33 IJzertoren Memorial Square,A,5,5
C2015-34,C2015-34 Roadworks Poperinge,A,7,7
C2015-35,C2015-35 Retirement Apartments,A,41,41
C2016-01,C2016-01 Railway Bridge (1),A,14,14
C2016-02,C2016-02 Railway Bridge (2),A,13,13
C2016-03,C2016-03 Railway Bridge (3),A,11,11
C2016-04,C2016-04 Railway Bridge (4),A,12,12
C2016-05,C2016-05 Railway Bridge (5),A,10,10
C2016-06,C2016-06 Defense Building,A,14,14
C2016-07,C2016-07 Shopping Village Walkways,A,11,11
C2016-08,C2016-08 SCM System,A,34,34
C2016-09,C2016-09 Data Loss Prevention System,A,9,9
C2016-10,C2016-10 Biofuel Refinery,A,21,21
C2016-11,C2016-11 Residential House (1),A,5,5
C2016-12,C2016-12 Residential House (2),A,5,5
C2016-13,C2016-13 Residential House (3),A,5,5
C2016-14,C2016-14 Residential House (4),A,5,5
C2016-15,C2016-15 Residential House Structural Work,A,4,4
C2016-16,C2016-16 Residential House Finishing Works (1),A,4,4
C2016-17,C2016-17 Residential House Finishing Works (2),A,4,4
C2016-18,C2016-18 Residential House Finishing Works (3),A,4,4
C2016-19,C2016-19 Residential House Finishing Works (4),A,4,4
C2016-20,C2016-20 Residential House Finishing Works (5),A,4,4
C2016-21,C2016-21 Residential House Finishing Works (6),A,4,4
C2016-22,C2016-22 Residential House Finishing Works (7),A,4,4
C2016-23,C2016-23 Residential House Finishing Works (8),A,4,4
C2016-24,C2016-24 Residential House Finishing Works (9),A,4,4
C2016-25,C2016-25 Residential House Finishing Works (10),A,4,4
C2016-26,C2016-26 Residential House Finishing Works (11),A,4,4
C2016-27,C2016-27 Apartment Building Foundations,A,4,4
C2016-28,C2016-28 Apartment Building Structural Work (1),A,4,4
C2016-29,C2016-29 Apartment Building Structural Work (2),A,4,4
C2016-30,C2016-30 Apartment Building Structural Work (3),A,4,4
C2016-31,C2016-31 Apartment Building Finishing Works (1),A,4,4
C2016-32,C2016-32 Apartment Building Finishing Works (2),A,4,4
C2016-33,C2016-33 Apartment Building Finishing Works (3),A,4,4
C2016-34,C2016-34 Apartment Building Finishing Works (4),A,3,3
C2016-35,C2016-35 Sweetpack,C,0,0
C2016-36,C2016-36 Residential reconstruction,C,0,0
C2016-37,C2016-37 Event planning,C,0,0
C2016-38,C2016-38 Passive house construction,C,0,0
C2016-39,C2016-39 Investment building,C,0,0
C2016-40,C2016-40 Artes project (1),C,0,0
C2016-41,C2016-41 Artes project (2),C,0,0
C2016-42,C2016-42 Shared bike app development,A,23,23
C2016-43,C2016-43 Mail delivery app,C,0,0
C2017-01,C2017-01 Apartment construction,C,0,0
C2017-02,C2017-02 Charging block network,C,0,0
C2017-03,C2017-03 Hydrogen Island,C,0,0
C2017-04,C2017-04 Recy-call,C,0,0
C2017-05,C2017-05 JobFair Gent,C,0,0
C2017-06,C2017-06 Landing gear development,A,19,19
C2018-01,C2018-01 App development,C,0,0
C2018-02,C2018-02 eScooter,C,0,0
C2018-03,C2018-03 Castelein,C,0,0
C2018-04,C2018-04 Christmas market (1),C,0,0
C2018-05,C2018-05 Music festival,C,0,0
C2018-06,C2018-06 Camera network,C,0,0
C2018-07,C2018-07 WKB developmentl,C,0,0
C2018-08,C2018-08 Bikesharing platform,A,118,118
C2018-09,C2018-09 CarSharing platform,C,0,0
C2018-10,C2018-10 Fontein,A,24,24
C2018-11,C2018-11 Warehouse renovation,C,0,0
C2018-12,C2018-12 Cornflakes new taste,C,0,0
C2018-13,C2018-13 Christmas market (2Γö¼Γûæ,A,37,37
C2019-01,C2019-01 Lepelstraat,A,10,10
C2019-02,C2019-02 Social Housing,A,10,10
C2019-03,C2019-03 Emergency Department,A,22,22
C2019-04,C2019-04 Nuclear Healthcare,A,24,24
C2019-05,C2019-05 Fuel Tank Filter,A,10,10
C2019-06,C2019-06 Production Line Change,A,11,11
C2019-07,C2019-07 Gluing Machine,A,10,10
C2019-08,C2019-08 Labeling Machine,A,9,9
C2019-09,C2019-09 Recreation building,A,3,3
C2019-10,C2019-10 Family residence (3),C,0,0
C2019-11,C2019-11 Tournament infrastructure,A,23,23
C2019-12,C2019-12 Residential apartment building,C,0,0
C2019-13,C2019-13 Weekend trip organisation,C,0,0
C2019-14,C2019-14 Weekend trip preparation,C,0,0
C2019-15,C2019-15 Electrical step sharing platform,C,0,0
C2019-16,C2019-16 Lock Ganzepoot,C,0,0
C2019-17,C2019-17 Wine production,C,0,0
C2019-18,C2019-18 Greenhouse,C,0,0
C2019-19,C2019-19 Transitional house,C,0,0
C2019-20,C2019-20 Paradice,C,0,0
C2019-21,C2019-21 Tanglewood,C,0,0
C2019-22,C2019-22 BAM Deelproject 1,C,0,0
C2019-23,C2019-23 BAM Deelproject 2,C,0,0
C2019-24,C2019-24 BAM Deelproject 3b,C,0,0
C2019-25,C2019-25 BAM Deelproject 3b,C,0,0
C2019-26,C2019-26 BAM Deelproject 4,C,0,0
C2019-27,C2019-27 BAM Deelproject 6,C,0,0
C2019-28,C2019-28 BAM Deelproject 7,C,0,0
C2020-01,C2020-01 Upgrading a racing car,C,0,0
C2022-01,C2022-01 Student kick-off Kramersplein,C,0,0
C2022-02,C2022-02 Student kick-off Sint-Pietersplein,C,0,0
C2023-01,C2023-01 House renovation,B,0,5
C2023-02,C2023-02 Security,C,0,0
C2023-03,C2023-03 metaBOF,C,0,0
C2023-04,C2023-04 Six Story Apartment,B,0,5
C2023-05,C2023-05 IT Data migration,B,0,12
C2023-06,C2023-06 Steel industry,B,0,8
C2023-07,C2023-07 Building Nevele,B,0,1
C2023-08,C2023-08 Family home,B,0,4
C2023-09,C2023-09 Wine storage expansion,B,0,5
C2023-10,C2023-10 UK Roap map,C,0,0
C2023-11,C2023-11 Rail-net communication point 1,B,0,4
C2023-12,C2023-12 Railroad construction,B,0,4
C2023-13,C2023-13 Rail-net communication point 2,B,0,3
C2023-14,C2023-14 Building a sustainable future,C,0,0
C2024-01,C2024-01 Signalisation work Peru,B,0,6
C2024-02,C2024-02 Gas Pipeline,B,0,2
C2024-03,C2024-03 Learning Management System Implementation,C,0,0
C2024-04,C2024-04 New Product Development,B,0,2
C2024-05,C2024-05 Product Marketing,C,0,0
C2025-01,C2025-01 Water Intake and Canal Rehabilitation,B,0,4
C2025-02,C2025-02 Urban Road,B,0,3
C2025-03,C2025-03 School Classroom Construction,B,0,1
C2025-04,C2025-04 Sidewalk Reconstruction,B,0,4
C2025-05,C2025-05 Education Service,B,0,1
C2025-06,C2025-06 Primary School,B,0,2
C2025-07,C2025-07 School Sports Facility Development,B,0,2
C2025-08,C2025-08 Convertible Roofing,B,0,2
C2025-09,C2025-09 Primary Classroom,B,0,2
C2025-10,C2025-10 temporary facilities,B,0,1
C2025-11,C2025-11 Power Network,B,0,1
C2025-12,C2025-12 Public Plaza,B,0,1
C2025-13,C2025-13 University Library Construction,B,0,3
C2025-14,C2025-14 Drainage System,B,0,1
C2025-15,C2025-15 Irrigation Canal Repair ,B,0,2
C2025-16,C2025-16 ACTIVIDADES GENERALES,B,0,1
C2025-17,C2025-17 Temporary Works,B,0,2
C2025-18,C2025-18 MEJORAMIENTO DE LOS,B,0,2
C2025-19,C2025-19 Road Drainage Construction with COVID-19 Safety Measures,B,0,2
C2025-20,C2025-20 Drainage Culverts Construction,B,0,2
C2025-21,C2025-21 Sanitary Facilities ,B,0,1
C2025-22,C2025-22 Sanitary Sewer Network Infrastructure,B,0,2
C2025-23,C2025-23  Active Recreation Construction,B,0,1
C2025-24,C2025-24  CONSTRUSSION DE CERCO,B,0,2
C2025-25,C2025-25 CONSTRUSSION DE PLAZOLETA,B,0,2
C2025-26,C2025-26 MEJORAMIENTO DEL PARQUE,B,0,1
C2025-27,C2025-27  CREACION DEL PAVIMENTADO,B,0,2
C2025-28,C2025-28 CRONOGRAMA DE OBRA,B,0,1
